dangjohn75,OrangeHRM@111
janetran45,OrangeHRM@111
johnduong67,OrangeHRM@111
qtran49,OrangeHRM@111
hoangjane39,OrangeHRM@111
maijane85,OrangeHRM@111
nvu66,OrangeHRM@111
john0270,OrangeHRM@111
nguyenjohn87,OrangeHRM@111
jane0981,OrangeHRM@111
johnpham92,OrangeHRM@111
janedang88,OrangeHRM@111
xvu30,OrangeHRM@111
jane2735,OrangeHRM@111
phamjane25,OrangeHRM@111
nguyenjohn11,OrangeHRM@111
jane0265,OrangeHRM@111
john4529,OrangeHRM@111
hoangjohn58,OrangeHRM@111
john9429,OrangeHRM@111
phamjohn87,OrangeHRM@111
johnvu42,OrangeHRM@111
johnle36,OrangeHRM@111
janedang16,OrangeHRM@111
janevu97,OrangeHRM@111
janetran41,OrangeHRM@111
janepham64,OrangeHRM@111
tranjane88,OrangeHRM@111
john5731,OrangeHRM@111
janemai83,OrangeHRM@111
maijohn97,OrangeHRM@111
vvu54,OrangeHRM@111
john5326,OrangeHRM@111
duongjohn37,OrangeHRM@111
johnmai14,OrangeHRM@111
hoangjohn15,OrangeHRM@111
jane3154,OrangeHRM@111
wle45,OrangeHRM@111
hoangjane62,OrangeHRM@111
jane3335,OrangeHRM@111
jane7089,OrangeHRM@111
buijohn58,OrangeHRM@111
john2015,OrangeHRM@111
nguyenjane80,OrangeHRM@111
john3287,OrangeHRM@111
janevu56,OrangeHRM@111
tranjane28,OrangeHRM@111
dangjohn21,OrangeHRM@111
ymai12,OrangeHRM@111
kvu39,OrangeHRM@111
